Helm do Brasil Mercantil Ltda. - São Paulo/SP. | Marca comercial: Predador | Classificação toxicológica: Classe III - Medianamente Tóxico. | Indicado para as culturas de café, citros, coco, maçã. Mamão, seringueira e tomate.
Syngenta Proteção de Cultivos Ltda. - São Paulo/SP. | Marca comercial: Walux | Classificação toxicológica: Classe I - Extremamente Tóxico. | Indicado para as culturas de sopa, soja geneticamente modificada, milho e milho geneticamente modificado.
Albaugh Agro Brasil Ltda. - São Paulo/SP. | Marca comercial: Atrazina 900 WG Atanor. | Classificação toxicológica: Classe I - Extremamente Tóxico. | Indicado para as culturas de milho e sorgo.
Rainbow Defensivos Agrícolas Ltda. - Porto Alegre/RS. | Marca comercial: Wiper. | Classificação toxicológica: Classe I - Extremamente Tóxico. | Indicado para as culturas de amendoim, batata, berinjela, cebola, cenoura, feijão, mamão, melancia, pepino, rosa e tomate.
Rainbow Defensivos Agrícolas Ltda. - Porto Alegre/RS. | Marca comercial: Gesametrina. | Classificação toxicológica: Classe III - Medianamente Tóxico. | Indicado para a cultura de cana-de-açúcar.
Rainbow Defensivos Agrícolas Ltda. - Porto Alegre/RS. | Marca comercial: Sugarina. | Classificação toxicológica: Classe III - Medianamente Tóxico. | Indicado para a cultura de cana-de-açúcar.
Syngenta Proteção de Cultivos Ltda. - São Paulo/SP. | Marca comercial: Savivo. | Classificação toxicológica: Classe I - Extremamente Tóxico. | Indicado para as culturas de algodão, batata, café, citros, soja e tomate.
Syngenta Proteção de Cultivos Ltda. - São Paulo/SP. | Marca comercial: Vertimec 84 SC. | Classificação toxicológica: Classe I - Extremamente Tóxico. | Indicado para as culturas de algodão, batata, café, citros, soja e tomate.
UPL do Brasil Indústria e Comércio de Insumos Agropecuários S.A. - Ituverava/SP. | Marca comercial: Dez Gold. | Classificação toxicológica: Classe I - Extremamente Tóxico. | Indicado para as culturas de arroz, café, cana-de-açúcar, milho e soja.
BRA Defensivos Agrícolas Ltda. - Piracicaba/SP. | Marca comercial: Nico 750 WG. | Classificação toxicológica: Classe I - Extremamente Tóxico. | Indicado para a cultura de milho.
Dow Agrosciences Industrial Ltda. - Barueri/SP. | Marca comercial: Loyant. | Classificação toxicológica: Classe III - Medianamente Tóxico. | Indicado para a cultura de arroz.
Álamos do Brasil Ltda.- Porto Alegre/RS. | Marca comercial: Glifosato 72 WG Alamos. | Classificação toxicológica: Classe III - Medianamente Tóxico. | Indicado para as culturas de algodão, ameixa, arroz, banana, cacau, café, cana-de-açúcar, citros, maçã, milho, [1/2]
Tide do Brasil Ltda. - Porto Alegre/RS. | Marca comercial: Acefato Técnico Tide. | Classificação toxicológica: Classe III - Medianamente Tóxico. | Trata-se de produto técnico.
Ferbru Participações S.A.- Campinas/SP. | Marca comercial: Chlorothalonil Técnico FB. | Classificação toxicológica: Classe I - Extremamente Tóxico. | Trata-se de produto técnico.
Cropchem Ltda.- Porto Alegre/RS. | Marca comercial: Clorotalonil Técnico Cropchem. | Classificação toxicológica: Classe I - Extremamente Tóxico. | Trata-se de produto técnico.
Adama Brasil S.A.- Londrina/PR. | Marca comercial: Tiofanato-Metílico Técnico Adama. | Classificação toxicológica: Classe IV - Pouco Tóxico. | Trata-se de produto técnico.
CCAB Agro S.A. - São Paulo/SP. | Marca comercial: Malation Técnico CCAB II. | Classificação toxicológica: Classe III - Medianamente Tóxico. | Trata-se de produto técnico.
CCAB Agro S.A.- São Paulo/SP. | Marca comercial: Malation Técnico CCAB. | Classificação toxicológica: Classe III - Medianamente Tóxico. | Trata-se de produto técnico.
BRA Defensivos Agrícolas Ltda. - Porto Alegre/RS. | Marca comercial: Malationa Técnica BRA. | Classificação toxicológica: Classe III - Medianamente Tóxico. | Trata-se de produto técnico.
Prentiss Química Ltda. - Campo Largo/PR. | Marca comercial: Malathion Técnico Prentiss. | Classificação toxicológica: Classe III - Medianamente Tóxico. | Trata-se de produto técnico.
Proventis Lifescience Defensivos Agrícolas Ltda. -São Paulo/SP. | Marca comercial: Ciproconazol Técnico Proventis II. | Classificação toxicológica: Classe III - Medianamente Tóxico. | Trata-se de produto técnico.
Nortox S.A. - Arapongas/PR. | Marca comercial: 2,4-D Técnico Nortox BR. | Classificação toxicológica: Classe I - Extremamente Tóxico. | Trata-se de produto técnico.
Adama Brasil S.A.- Londrina/PR, | Marca comercial: Indoxacarbe Técnico Adama. | Classificação toxicológica: Classe I - Extremamente Tóxico. | Trata-se de produto técnico.
Syngenta Proteção de Cultivos Ltda. - São Paulo/SP. | Marca comercial: PMG Técnico FH. | Classificação toxicológica: Classe I - Extremamente Tóxico. | Trata-se de produto técnico.
Sulphur Mills do Brasil Importação e Exportação de Produtos Agrícolas Ltda. São Paulo/SP. | Marca comercial: Glufosinato Técnico Sulphur Mills. | Classificação toxicológica: Classe III - Medianamente Tóxico. | Trata-se de produto técnico.
Helm do Brasil Mercantil Ltda.- São Paulo/SP. | Marca comercial: Glufosinato Y Técnico Helm. | Classificação toxicológica: Classe III - Medianamente Tóxico. | Trata-se de produto técnico.
Syncrom Assessoria e Comércio de Produtos Agropecuários Ltda.- São Paulo/SP. | Marca comercial: Glufosinato de Amônio Técnico NGC. | Classificação toxicológica: Classe III - Medianamente Tóxico. | Trata-se de produto técnico.
Dow Agrosciences Industrial Ltda. - São Paulo/SP. | Marca comercial: Closer. | Classificação toxicológica: Classe III - Medianamente Tóxico. | Indicado para as culturas de algodão, citros, tomate e trigo.
Rainbow Defensivos Agrícolas Ltda.- Porto Alegre/RS. | Marca comercial: Cleaner. | Classificação toxicológica: Classe I - Extremamente Tóxico. | Indicado para as culturas de amendoim, batata, berinjela, cebola, cenoura, feijão, mamão, melancia, pepino, rosa e tomate.
Biorisk - Assessoria e Comércio de Produtos | Marca comercial: Azoxystrobin Técnico Biorisk. | Classificação toxicológica: Classe III - Medianamente Tóxico. | Trata-se de produto técnico.
AllierBrasil Agro Ltda. - São Paulo/SP. | Marca comercial: Metomil Técnico YC. | Classificação toxicológica: Classe I - Extremamente Tóxico. | Trata-se de produto técnico.
Tradecorp do Brasil Comércio de Insumos | Marca comercial: Cresoxim Metílico Tradecorp Técnico. | Classificação toxicológica: Classe III - Medianamente Tóxico | Trata-se de produto técnico.
Dow Agrosciences Industrial Ltda. - São | Marca comercial: Verter. | Classificação toxicológica: Classe III - Medianamente Tóxico. | Indicado para as culturas de algodão, citros, tomate e trigo.
Dow Agrosciences Industrial Ltda.- São | Marca comercial: Exor. | Classificação toxicológica: Classe III - Medianamente Tóxico. | Indicado para as culturas de algodão, citros, tomate e trigo.
Dow Agrosciences Industrial Ltda. São Paulo/SP. | Marca comercial: Closer SC. | Classificação toxicológica: Classe III - Medianamente Tóxico. | Indicado para as culturas de algodão, citros, feijão,
Dow Agrosciences Industrial Ltda. - São | Marca comercial: Exor SC. | Classificação toxicológica: Classe III - Medianamente Tóxico. | Indicado para as culturas de algodão, citros, feijão,
Dow Agrosciences Industrial Ltda. - São | Marca comercial: Verter SC. | Classificação toxicológica: Classe III - Medianamente Tóxico. | Indicado para as culturas de algodão, citros, feijão,
Micro-Bio Soluções Ambientais Ltda. - ME. -Santa Bárbara d'Oeste/SP. | Marca comercial: Biobev. | Classificação toxicológica: Classe IV - Pouco Tóxico. | Indicado para todas as culturas com ocorrência do
Prophyto Comércio e Serviços Ltda.- São | Marca comercial: Ralbuzin 480 SC. | Classificação toxicológica: Classe III - Medianamente Tóxico. | Indicado para as culturas de batata, café, cana-deaçúcar e soja.
Tecnomyl Brasil Distribuidora de Produtos | Marca comercial: Fluroxipir 80 + Picloram 80 ME Genbra. | Classificação toxicológica: Classe I - Extremamente Tóxico. | Indicado para a cultura de pastagens.
Adama Brasil S.A. - Londrina/PR. | Marca comercial: Yovel. | Classificação toxicológica: Classe III - Medianamente Tóxico. | Indicado para as culturas de algodão, batata, feijão, maçã, melancia, melão e tomate.
Agropaulo Agroindustrial S.A. - Jaguaruana/CE. | Marca comercial: Nat Fungi. | Classificação toxicológica: Classe IV - Pouco Tóxico. | Indicado para todas as culturas com ocorrência dos alvos biológicos Zulia entreriana, Mahanarva fimbriolata e Deois flavopicta.
Dillon Biotecnologia Ltda- Caxias do Sul/RS. | Marca comercial: Beauvel. | Classificação toxicológica: Classe IV - Pouco Tóxico. | Indicado para todas as culturas com ocorrência do
Basf S.A.- São Paulo/SP. | Marca comercial: Standak Duo. | Classificação toxicológica: Classe III - Medianamente Tóxico. | Indicado para as culturas de algodão e milho.
Dow AgroSciences Industrial Ltda. - Barueri/SP. | Marca comercial: Synero. | Classificação toxicológica: Classe I - Extremamente Tóxico. | Indicado para Pastagens.
Rotam do Brasil Agroquímica e Produtos | Marca comercial: Aspy 480 SC. | Classificação toxicológica: Classe III - Medianamente Tóxico. | Indicado para as culturas de cana-de-açúcar e milho.
Adama S.A. - Londrina/PR. | Marca comercial: Horos Supra. | Classificação toxicológica: Classe II - Altamente Tóxico. | Indicado para a cultura da soja.
Sumitomo Chemical do Brasil Representações | Marca comercial: Cytolin. | Classificação toxicológica: Classe III - Medianamente Tóxico. | Indicado para as culturas de algodão, feijão e soja.
Vectorcontrol Industria e Comércio de Produtos Agropecuários Ltda. - Vinhedo/SP. | Marca comercial: Stregga EC. | Classificação toxicológica: Classe IV - Pouco Tóxico. | Indicado para qualquer cultura com ocorrência dos
Iharabras S.A. Indústrias Químicas - Sorocaba/SP. | Marca comercial: Magneto SC. | Classificação toxicológica: Classe III - Medianamente Toxico. | Indicado para a cultura da cana-de-açúcar.
Nortox S.A. - Arapongas/PR. | Marca comercial: Mancozeb Nortox. | Classificação toxicológica: Classe I - Extremamente Tóxico. | Indicado para as culturas de arroz, banana, batata,
Dow AgroSciences Industrial Ltda. - Barueri/SP. | Marca comercial: Rinskor Técnico. | Classificação toxicológica: Classe III - Medianamente Tóxico. | Trata-se de produto técnico.
Oxon Brasil Defensivos Agrícolas Ltda.- São Paulo/SP. | Marca comercial: Azoxystrobin Técnico Oxon. | Classificação toxicológica: Classe III - Medianamente Tóxico. | Trata-se de produto técnico.
Dow Agrosciences Industrial Ltda. - São Paulo/SP. | Marca comercial: Atualist. | Classificação toxicológica: Classe I - Extremamente Tóxico. | Indicado para as culturas de Milho e Soja.
Tradecorp do Brasil Comércio de Insumos Agrícolas Ltda. Campinas/SP. | Marca comercial: Covinex 700. | Classificação toxicológica: Classe II - Altamente Tóxico. | Indicado para a cultura do Café.
Oxon Brasil Defensivos Agrícolas Ltda. - São Paulo/SP. | Marca comercial: Pireo. | Classificação toxicológica: Classe III - Medianamente Tóxico. | Indicado para as culturas de Algodão, Batata, Citros, Coco, Milho, Pepino, Repolho, Soja, Tomate e Trigo.
Rainbow Defensivos Agrícolas Ltda. - Porto Alegre/RS. | Marca comercial: Herbzina. | Classificação toxicológica: Classe III - Medianamente Tóxico. | Indicado para as culturas de Cana-de-açúcar, Milho e Sorgo.
Cropchem Ltda. - Porto Alegre/RS. | Marca comercial: Kaner 800 WG. | Classificação toxicológica: Classe I - Extremamente Tóxico. | Indicado para as culturas de Abacaxi, Café, Cana-deaçúcar e Mandioca.
Rainbow Defensivos Agrícolas Ltda. - Porto Alegre/RS. | Marca comercial: Farmozine. | Classificação toxicológica: Classe III - Medianamente Tóxico. | Indicado para as culturas de Cana-de-açúcar, Milho e Sorgo.
Oligos Biotecnologia Ltda. - São José do Rio Preto/SP. | Marca comercial: Metarhizium Oligos WP. | Classificação toxicológica: Classe IV - Pouco Tóxico. | Indicado para todas as culturas com ocorrência dos alvos biológicos Zulia entreriana, Mahanarva fimbriolata e [1/2]
Nichino do Brasil Agroquimicos Ltda. -Barueri/SP. | Marca comercial: Helmet. | Classificação toxicológica: Classe II - Altamente Tóxico. | Indicado para a cultura da Batata.
Dow AgroSciences Industrial Ltda. Barueri/SP. | Marca comercial: Cloransulam Metil Técnico. | Classificação toxicológica: Classe III - Medianamente Tóxico. | Trata-se de produto técnico.
Nº 93 Baisha Road, Xinanjiang, 311600 Jiande, Zhejiang, China. e. Nome químico | Marca comercial: Glufosinato de Amônio Técnico Tecnomyl. | Classificação toxicológica: Classe III - Medianamente Tóxico. | Trata-se de produto técnico.
Nº 93 Baisha Road, Xinanjiang, 311600, Jiande, Zhejiang, China. e. Nome químico | Marca comercial: N-(phosphoromethyl) glycine. Nome Comum |  |
Nortox S.A. - Arapongas/PR. | Marca comercial: Glifosato Técnico Nortox IV. |  |
Rainbow Defensivos Agrícolas Ltda. - Porto Alegre/RS. | Marca comercial: Clorpirifós Técnico Rainbow. | Classificação toxicológica: Classe III - Medianamente Tóxico. | Trata-se de produto técnico.
CropChem Ltda. Porto Alegre/RS. | Marca comercial: 2,4-D Técnico WI-CropChem. | Classificação toxicológica: Classe I - Extremamente Tóxico. | Trata-se de produto técnico.
Tradecorp do Brasil Comércio de Insumos Agrícolas Ltda. Campinas/SP. | Marca comercial: Novalurom Tradecorp Técnico. | Classificação toxicológica: Classe IV - Pouco Tóxico. | Trata-se de produto técnico.
Nortox S.A. - Arapongas/PR. | Marca comercial: Novaluron Técnico Nortox. | Classificação toxicológica: Classe IV - Pouco Tóxico. | Trata-se de produto técnico.
Biorisk - Assessoria e Comércio de Produtos Agrícolas Ltda. - São Paulo/SP. | Marca comercial: Novaluron Técnico Nova. | Classificação toxicológica: Classe IV - Pouco Tóxico. | Trata-se de produto técnico.
FMC Química do Brasil Ltda. - Campinas/SP. | Marca comercial: Novaluron JF Técnico FMC. | Classificação toxicológica: Classe IV - Pouco Tóxico. | Trata-se de produto técnico.
CCAB Agro S.A. - São Paulo/SP. | Marca comercial: Novaluron Técnico CCAB. | Classificação toxicológica: Classe IV - Pouco Tóxico. | Trata-se de produto técnico.
Rainbow Defensivos Agrícolas Ltda. - Porto Alegre/RS. | Marca comercial: Metoxifenozida Técnico Rainbow. | Classificação toxicológica: Classe IV - Pouco Tóxico. | Trata-se de produto técnico.
Nortox S.A. - Arapongas/PR. | Marca comercial: Hexazinona Técnico Nortox BR. | Classificação toxicológica: Classe I - Extremamente Tóxico. | Trata-se de produto técnico.
Tecnomyl Brasil distribuidora de Produtos Agrícolas Ltda. - Foz do Iguaçu/PR. | Marca comercial: Hexazinona Técnico Tecnomyl. | Classificação toxicológica: Classe I - Extremamente Tóxico. | Trata-se de produto técnico.
Albaugh Agro Brasil Ltda. - São Paulo/SP. | Marca comercial: Broker Técnico CH. | Classificação toxicológica: Classe I - Extremamente Tóxico. | Trata-se de produto técnico.
CCAB Agro S.A. - São Paulo/SP. | Marca comercial: Hexazinona Técnico CCAB. | Classificação toxicológica: Classe I - Extremamente Tóxico. | Trata-se de produto técnico.
Tradecorp do Brasil Comércio de Insumos Agrícolas Ltda. - Campinas/SP. | Marca comercial: Hexazinona Tradecorp Técnico. | Classificação toxicológica: Classe I - Extremamente Tóxico. | Trata-se de produto técnico.
Nortox S.A. - Arapongas/PR. | Marca comercial: Azoxystrobin Técnico Nortox. | Classificação toxicológica: Classe III - Medianamente Tóxico. | Trata-se de produto técnico.
Simbiose Indústria e Comércio de Fertilizantes e Insumos Microbiológicos Ltda. - Cruz Alta/RS. | Marca comercial: Beauvecontrol Extreme. | Classificação toxicológica: Classe III - Medianamente Tóxico. | Indicado para qualquer cultura com ocorrência dos alvos [1/2]
Adama Brasil S.A. - Londrina/PR. | Marca comercial: Hexazinona Técnico Milênia BR. | Classificação toxicológica: Classe I - Extremamente Tóxico. | Trata-se de produto técnico.
Bayer S.A. - São Paulo/SP. | Marca comercial: Larvin Técnico BCS. | Classificação toxicológica: Classe II - Altamente Tóxico. | Trata-se de produto técnico.
Marca comercial: IMIDACLOPRIDO TÉCNICO JC | Trata-se de produto técnico. | | Classificação toxicológica: Classe II - Altamente Tóxico.
Ouro Fino Química S.A. - Uberaba/MG. | Marca comercial: Glufosinato Técnico OF I. | Classificação toxicológica: Classe III - Medianamente Tóxico. | Trata-se de produto técnico.
Coromandel Brasil Ltda. - São Paulo/SP. | Marca comercial: Fipronil Técnico Coromandel. | Classificação toxicológica: Classe II - Altamente Tóxico. | Trata-se de produto técnico.
Adama Brasil S.A. - Londrina/PR. | Marca comercial: Trinexapaque Etil Técnico Milenia. | Classificação toxicológica: Classe IV - Pouco Tóxico. | Trata-se de produto técnico.
UPL do Brasil Indústria e Comércio de Insumos Agropecuários S.A. - São Paulo/SP. | Marca comercial: Trinexapac Ethyl Técnico UPL. | Classificação toxicológica: Classe IV - Pouco Tóxico. | Trata-se de produto técnico.
Nufarm Indústria Química e Farmacêuca S.A. -Fortaleza/CE. | Marca comercial: Clomazone Técnico Nufarm BR. | Classificação toxicológica: Classe III - Medianamente Tóxico. | Trata-se de produto técnico.
IndoGl Industries do Brasil Ltda. - Barueri/SP. | Marca comercial: Troia. | Classificação toxicológica: Classe III - Medianamente Tóxico. | Indicado para as culturas de Abóbora, Alho, Amendoim, Arroz, Batata, Berinjela, Beterraba, Brócolis, Café, Cebola, Cenoura, [1/2]
Albaugh Agro Brasil Ltda. São Paulo/SP. | Marca comercial: Compass. | Classificação toxicológica: Classe III - Medianamente Tóxico. | Indicado para as culturas de Café, Cana-de-açúcar e Milho.
Ouro Fino Química S.A.- Uberaba/MG. | Marca comercial: Azoxistrobina Técnico Ouro Fino. | Classificação toxicológica: Classe III - Medianamente Tóxico. | Trata-se de produto técnico.
Sinon do Brasil Ltda. - Porto Alegre/RS. | Marca comercial: Fipronil Técnico Sinon. | Classificação toxicológica: Classe II - Altamente Tóxico. | Trata-se de produto técnico.
Tecnomyl Brasil Distribuidora de Produtos Agrícolas Ltda. -Foz do Iguaçu/PR. | Marca comercial: Indoxacarbe Técnico Tecnomyl. | Classificação toxicológica: Classe I - Extremamente Tóxico. | Trata-se de produto técnico.
Sulphur Mills do Brasil Importação e Exportação de Produtos Agrícolas Ltda. - São Paulo/SP. | Marca comercial: INDOXACARBE TÉCNICO SULPHUR MILLS. | Classificação toxicológica: Classe I - Extremamente Tóxico. | Trata-se de produto técnico.
Nortox S.A. - Arapongas/PR. | Marca comercial: TIOFANATO METIL TÉCNICO NORTOX. | Classificação toxicológica: Classe IV - Pouco Tóxico. | Trata-se de produto técnico.
Syncrom Assessoria e Comércio de Produtos Agropecuários Ltda. - São Paulo/SP. | Marca comercial: TIAMETOXAM TÉCNICO BETACHEM. | Classificação toxicológica: Classe III - Medianamente Tóxico. | Trata-se de produto técnico.
Nortox S.A. - Arapongas/PR. | Marca comercial: DIAFENTIUROM TÉCNICO NORTOX. | Classificação toxicológica: Classe III - Medianamente Tóxico. | Trata-se de produto técnico.
Tradecorp do Brasil Comércio de Insumos Agrícolas Ltda. -Campinas/SP. | Marca comercial: FOSETIL-AL TRADECORP TÉCNICO. | Classificação toxicológica: Classe III - Medianamente Tóxico. | Trata-se de produto técnico.
Ouro Fino Química S.A. - Uberaba/MG. | Marca comercial: ESPIRODICLOFENO TÉCNICO OURO FINO. | Classificação toxicológica: Classe III - Medianamente Tóxico. | Trata-se de produto técnico.
Tide do Brasil Ltda. - Porto Alegre/RS. | Marca comercial: IMIDACLOPRIDE TÉCNICO TIDE. | Classificação toxicológica: Classe II - Altamente Tóxico. | Trata-se de produto técnico.
Adama Brasil S.A. - Londrina/PR. | Marca comercial: CLOMAZONE TÉCNICO ADAMA. | Classificação toxicológica: Classe III - Medianamente Tóxico. | Trata-se de produto técnico.
Nufarm Indústria Química e Farmacêutica S.A. -Maracanaú/CE. | Marca comercial: IMIDACLOPRIDO TÉCNICO NUFARM BR. | Classificação toxicológica: Classe II - Altamente Tóxico. | Trata-se de produto técnico.
Nortox S.A. - Arapongas/PR. | Marca comercial: CARFENTRAZONE ETIL TÉCNICO NORTOX. | Classificação toxicológica: Classe IV - Pouco Tóxico. | Trata-se de produto técnico.
Tradecorp do Brasil comércio de Insumos Agrícolas Ltda. -São Paulo/SP. | Marca comercial: CARFENTRAZONA-ETÍLICA TRADECORP TÉCNICO. | Classificação toxicológica: Classe IV - Pouco Tóxico. | Trata-se de produto técnico.
FMC Química do Brasil Ltda. - Campinas/SP. | Marca comercial: DIFENOCONAZOLE TÉCNICO JS FMC. | Classificação toxicológica: Classe I - Extremamente Tóxico. | Trata-se de produto técnico.
Adama Brasil S.A. - Londrina/PR. | Marca comercial: DIFENOCONAZOL TÉCNICO ADAMA BR. | Classificação toxicológica: Classe I - Extremamente Tóxico. | Trata-se de produto técnico.
AllierBrasil Agro Ltda. - São Paulo/SP. | Marca comercial: LAMBDA-CIALOTRINA TÉCNICO IN. | Classificação toxicológica: Classe I - Extremamente Tóxico. | Trata-se de produto técnico.
Adama Brasil S.A. - Londrina/PR. | Marca comercial: AMETRINA TÉCNICO MILÊNIA BR. | Classificação toxicológica: Classe III - Medianamente Tóxico. | Trata-se de produto técnico.
Ouro Fino Química S.A. - Uberaba/MG. | Marca comercial: GLIFOSATO TÉCNICO OF I. | Classificação toxicológica: Classe I - Extremamente Tóxico. | Trata-se de produto técnico.
Alta - América Latina Tecnologia Agrícola Ltda. -Curitiba/PR. | Marca comercial: GLIFOSATO TÉCNICO ALTA IV. | Classificação toxicológica: Classe I - Extremamente Tóxico. | Trata-se de produto técnico.
Nortox S.A. - Arapongas/PR. | Marca comercial: GLIFOSATO TÉCNICO NORTOX NTG. | Classificação toxicológica: Classe I - Extremamente Tóxico. | Trata-se de produto técnico.
Ouro Fino Química S.A. - Uberaba/MG. | Marca comercial: AMETRINA TÉCNICO OF I | Classificação toxicológica: Classe III - Medianamente Tóxico. | Trata-se de produto técnico.
CCAB Agro S.A. - São Paulo/SP. | Marca comercial: GLUFOSINATO DE AMÔNIO TÉCNICO CCAB II. | Classificação toxicológica: Classe III - Medianamente Tóxico. | Trata-se de produto técnico.
CCAB Agro S.A. - São Paulo/SP. | Marca comercial: Diquat CCAB 200 SL. | Classificação toxicológica: Classe I - Extremamente Tóxico. | Indicado para as culturas de Batata (dessecante), Café, Citros, Feijão, Feijão (dessecante), Soja e Soja (dessecante).
Xingfa &amp; Wenda do Brasil Ltda. - Brasília/DF. | Marca comercial: Glifosal. | Classificação toxicológica: Classe I - Extremamente Tóxico. | Indicado para as culturas de Ameixa, Arroz, Banana, Cacau, Café, Canade-açúcar, Citros, Eucalipto, Maçã, Milho, Nectarina, [1/2]
Indofil Industries do Brasil Ltda. - Barueri/SP. | Marca comercial: Salero. | Classificação toxicológica: Classe III - Medianamente Tóxico. | Indicado para as culturas de Abóbora, Alho, Amendoim, Arroz, Batata, Berinjela, Beterraba, Brócolis, Café, Cebola, Cenoura, [1/2]
Iharabras S.A. Indústrias Químicas. Sorocaba/SP. | Marca comercial: Diuron Ji 500 SC. | Classificação toxicológica: Classe III - Medianamente Tóxico. | Indicado para as culturas de Abacaxi, Algodão, Cacau, Café, Cana-deaçúcar e Citros.
Rotam do Brasil Agroquímica e Produtos Agrícolas Ltda. -Campinas/SP. | Marca comercial: Freno 240 EC. | Classificação toxicológica: Classe I - Extremamente Tóxico. | Indicado para as culturas de Algodão, Alho, Batata, Café, Cebola, Cenoura, Feijão, Fumo, [1/2]
Adama Brasil S.A. - Londrina/PR. | Marca comercial: Picloram Técnico Adama. | Classificação toxicológica: Classe I - Extremamente Tóxico. | Trata-se de produto técnico.
Adama Brasil S.A. - Londrina/PR. | Marca comercial: Glufosinato de Amônio Técnico Adama Brasil. | Classificação toxicológica: Classe III - Medianamente Tóxico. | Trata-se de produto técnico.
Adama Brasil S.A. - Londrina/PR. | Marca comercial: Isoxaflutole Técnico Adama. | Classificação toxicológica: Classe III - Medianamente Tóxico. | Trata-se de produto técnico.
Basf S.A. - São Paulo/SP. | Marca comercial: Arrank. | Classificação toxicológica: Classe III - Medianamente Tóxico. | Indicado para as culturas de Algodão e Milho.
Simbiose Indústria e Comércio de Fertilizantes e Insumos Microbiológicos Ltda. - Cruz Alta/RS. | Marca comercial: Bio Zenon. | | Classificação toxicológica: Classe III - Medianamente Tóxico.
Tradecorp do Brasil Comércio de Insumos Agrícolas Ltda. -Campinas/SP. | Marca comercial: Acrux. | Classificação toxicológica: Classe IV - Pouco Tóxico. | Indicado para a cultura da Manga, variedades Tommy Atkins e Haden.
Basf S.A. - São Paulo/SP. | Marca comercial: Cuantiva. | Classificação toxicológica: Classe III - Mediante Tóxico. | Indicado para as culturas de Algodão, Amendoim, Aveia, Batata, Canade-açúcar, Cebola, Cenoura, Citros, Crisântemo, Feijão, Girassol, Maçã, [1/2]
Albaugh Agro Brasil Ltda. - São Paulo/SP. | Marca comercial: Douro 750 WG. | Classificação toxicológica: Classe I - Extremamente Tóxico. | Indicado para a cultura da Cana-de-açúcar.
Basf S.A. - São Paulo/SP. | Marca comercial: Novum. | Classificação toxicológica: Classe III - Medianamente Tóxico. | Indicado para as culturas de Algodão, Feijão, Milho e Soja.
Nortox S.A. - Arapongas/PR. | Marca comercial: Clorpirifós Nortox EC. | Classificação toxicológica: Classe I - Extremamente Tóxico. | Indicado para as culturas de algodão, batata, café, cevada, citros, feijão, maçã, milho, pastagens, soja, sorgo, tomate e trigo.
Cropchem Ltda. - Floresta/RS. | Marca comercial: Hodor. | Classificação toxicológica: Classe I - Extremamente Tóxico. | Indicado para as culturas de abóbora, alho, amendoim, arroz, batata, berinjela, beterraba, brócolis, café, cebola, cenoura, cevada, citros, [1/2]
Nortox S.A. - Arapongas/PR. | Marca comercial: Fluazinam Nortox 500 SC. | Classificação toxicológica: Classe I - Extremamente Tóxico. | Indicado para as culturas de batata, cana-de-açúcar, feijão, girassol, maçã, morango, pêssego, soja e tomate.
Helm do Brasil Mercantil Ltda. - São Paulo/SP. | Marca comercial: Imidacloprid H Técnico Helm. | Classificação toxicológica: Classe II - Altamente Tóxico. | Trata-se de produto técnico equivalente clone.
Plurie Soluções Regulatórias Ltda. - São Paulo/SP. | Marca comercial: Cricen. | Classificação toxicológica: Classe I - Extremamente Tóxico. | Indicado para as culturas de feijão e soja.
Rainbow Defensivos Agrícolas Ltda. - Porto Alegre/RS. | Marca comercial: Sweep Off. | Classificação toxicológica: Classe I - Extremamente Tóxico. | Indicado para as culturas de arroz, café, cana-de-açúcar, milho, pastagens e soja.
Indofil Industries do Brasil Ltda. - Barueri/SP. | Marca comercial: Alicerce. | Classificação toxicológica: Classe III - Medianamente Tóxico. | Indicado para as culturas de abóbora, alho, amendoim, arroz, batata, berinjela, beterraba, brócolis, café, cebola, [1/2]
CCAB Agro S.A. - São Paulo/SP. | Marca comercial: Triclopir CCAB 480 EC. | Classificação toxicológica: Classe III - Medianamente Tóxico. | Indicado para as culturas de arroz irrigado e pastagem.
Nortox S.A. - Arapongas/PR. | Marca comercial: Mancozeb Nortox 800 WP. | Classificação toxicológica: Classe I - Extremamente Tóxico. | Indicado para as culturas de abóbora, alho, amendoim, arroz, batata, berinjela, beterraba, brócolis, café, cebola, cenoura, [1/2]
Nortox S.A. - Arapongas/PR. | Marca comercial: Glufosinate Técnico Nortox. | Classificação toxicológica: Classe III - Medianamente Tóxico. | Trata-se de produto técnico equivalente.
Ouro Fino Química S.A. - Uberaba/MG. | Marca comercial: Glufosinato Técnico Ouro Fino | Classificação toxicológica: Classe III - Medianamente Tóxico. | Trata-se de produto técnico equivalente clone.
Adama Brasil S.A. - Londrina/PR. | Marca comercial: Glufosinato de Amônio Técnico Adama Brasil BR. | Classificação toxicológica: Classe III - Medianamente Tóxico. | Trata-se de produto técnico equivalente clone.
Rainbow Defensivos Agrícolas Ltda. - Porto Alegre/RS. | Marca comercial: Isoxaflutole Técnico Rainbow. | Classificação toxicológica: Classe III - Medianamente Tóxico. | Trata-se de produto técnico equivalente.
Ameribrás Indústria e Comércio Ltda. - São Paulo/SP. | Marca comercial: Clorotalonil Técnico Fersol. | Classificação toxicológica: Classe I - Extremamente Tóxico. | Trata-se de produto técnico equivalente clone.
Adama Brasil S.A. - Londrina/PR. | Marca comercial: Clorotalonil Técnico Adama Brasil. | Classificação toxicológica: Classe I - Extremamente Tóxico. | Trata-se de produto técnico equivalente clone.
Nufarm Indústria Química e Farmacêutica S.A. -Maracanaú/CE. | Marca comercial: Tebuconazole Técnico Nufarm BR. | Classificação toxicológica: Classe I - Extremamente Tóxico. | Trata-se de produto técnico equivalente clone.
Rainbow Defensivos Agrícolas Ltda. - Porto Alegre/RS. | Marca comercial: Propanil Técnico Rainbow.
Dow Agrosciences Industrial Ltda. - São Paulo/SP. | Marca comercial: Enlist Colex-D. | Classificação toxicológica: Classe I - Extremamente Tóxico. | Indicado para as culturas de milho e soja.
Dow Agrosciences Industrial Ltda. - São Paulo/SP. | Marca comercial: Agrilist. | Classificação toxicológica: Classe I - Extremamente Tóxico. | Indicado para as culturas de milho e soja.
Indofil Industries do Brasil Ltda. - Barueri/SP. | Marca comercial: Xopotó 800 WP. | Classificação toxicológica: Classe III - Extremamente Tóxico. | Indicado para as culturas de abóbora, alho, amendoim, arroz, batata, berinjela, beterraba, brócolis, café, cebola, [1/2]
Cropchem Ltda. - Porto Alegre/RS. | Marca comercial: Kasan 800 WP. | Classificação toxicológica: Classe I - Extremamente Tóxico. | Indicado para as culturas de abóbora, alho, amendoim, arroz, batata, berinjela, beterraba, brócolis, café, cebola, cenoura, cevada, [1/2]
Fersol Indústria e Comércio S.A. - Mairinque/SP. | Marca comercial: Atrazina Fersol 500 SC. | Classificação toxicológica: Classe III - Medianamente Tóxico. | Indicado para as culturas de cana-de-açúcar, milho e sorgo.
Nufarm Indústria Química e Farmacêutica S.A. -Maracanaú/CE. | Marca comercial: Nippon. | Classificação toxicológica: Classe II - Altamente Tóxico. | Indicado para a cultura do milho.
Adama Brasil S.A. - Londrina/PR. | Marca comercial: Comissário. | Classificação toxicológica: Classe I - Extremamente Tóxico. | Indicado para as culturas de algodão, feijão, melão, milho, soja, tomate e trigo.
Yonon Biociências e Defensivos Agrícolas Ltda. - São Paulo/SP. | Marca comercial: Tiametoxam Técnico YNG. | Classificação toxicológica: Classe III - Medianamente Tóxico. | Trata-se de produto técnico equivalente.
FMC Química do Brasil Ltda. - Campinas/SP. | Marca comercial: Tiofanato Metílico Técnico FMC. | Classificação toxicológica: Classe IV - Pouco Tóxico. | Trata-se de produto técnico equivalente clone.
Biorisk - Assessoria e Comércio de Produtos Agrícolas Ltda. - São Paulo/SP. | Marca comercial: Acefato Técnico GSP. | Classificação toxicológica: Classe III - Medianamente Tóxico. | Trata-se de produto técnico equivalente clone.
Tradecorp do Brasil Comércio de insumos Agrícolas Ltda. - Campinas/SP. | Marca comercial: Lousal. | Classificação toxicológica: Classe I - Extremamente Tóxico. | Indicado para as culturas de algodão, alho, amendoim, arroz, banana, batata, berinjela, café, cebola, [1/2]
Ouro Fino Química S.A. - Uberaba/MG. | Marca comercial: Acetamiprido 200 SP OF. | Classificação toxicológica: Classe III - Medianamente Tóxico. | Indicado para as culturas de algodão, batata, feijão, tomate e trigo.
CCAB Agro S.A. - São Paulo/SP. | Marca comercial: Atrazina CCAB 500 SC. | Classificação toxicológica: Classe III - Medianamente Tóxico. | Indicado para as culturas de cana-de-açúcar, milho e sorgo.
Syngenta Proteção de Cultivos Ltda. - São Paulo/SP. | Marca comercial: Calaris. | Classificação toxicológica: Classe I - Extremamente Tóxico. | Indicado para as culturas de cana-de-açúcar e milho.
Volcano Agrociência Indústria e Comércio de Defensivos | Marca comercial: Cartarys. | Indicado para as culturas de Algodão, Batata, Café, Couve, DiarioOficialdaUniao | Classificação toxicológica: Classe II - Altamente Tóxico.
Tradecorp do Brasil Comércio de Insumos Agrícolas Ltda. -Campinas/SP. | Marca comercial: Davos. | Indicado para as culturas de Algodão, Milho e Soja. | Classificação toxicológica: Classe II - Altamente Tóxico.
Albaugh Agro Brasil Ltda. - São Paulo/SP. | Marca comercial: Exemplo. | Indicado para as culturas de Arroz, Arroz irrigado, Café, Cana-deaçúcar, Milho, Pastagem, Soja e Trigo. | Classificação toxicológica: Classe I - Extremamente Tóxico.
Agro Import do Brasil Ltda. - Porto Alegre/RS. | Marca comercial: Atrazina Agro Import. | Indicado para as culturas de Cana-de-açúcar, Milho e Sorgo. | Classificação toxicológica: Classe III - Medianamente Tóxico.
Rainbow Defensivos Agrícolas Ltda. - Porto Alegre/RS. | Marca comercial: Rainburon. | Indicado para as culturas de Abacaxi, Algodão, Cacau, Café, Canade-açúcar e Citros. | Classificação toxicológica: Classe III - Medianamente Tóxico.
Rainbow Defensivos Agrícolas Ltda. - Porto Alegre/RS. | Marca comercial: Trilla. | Indicado para as culturas de Abacaxi, Algodão, Cacau, Café, Canade-açúcar e Citros. | Classificação toxicológica: Classe III - Medianamente Tóxico.
AllierBrasil Agro Ltda. - São Paulo/SP. | Marca comercial: Captain 500 WP. | Indicado para as culturas de Alho, Batata, Cebola, Citros, Maçã, Melancia, Melão, Pepino, Pêssego, Tomate e Uva. | Classificação toxicológica: Classe I - Extremamente Tóxico.
Ballagro Agro Tecnologia Ltda. - Bom Jesus dos Perdões/SP. | Marca comercial: BF30.001. | Indicado para qualquer cultura com ocorrência dos alvos biológicos Rizoctonia solani e Sclerotinia sclerotiorum. | Classificação toxicológica: Classe IV - Produto Pouco Tóxico.
TZ Biotech Ltda. - Ribeirão Preto/SP. | Marca comercial: Metarhryd FR 25. | Indicado para qualquer cultura com ocorrência do alvo biológico Mahanarva fimbriolata. | Classificação toxicológica: Classe IV - Pouco Tóxico.
Maçã, Manga, Melão, Milho, Pepino, Pimentão, Rosa, Soja, Sorgo, Tomate e Trigo. | Classificação: Classe III - Medianamente Tóxico [2/2]
Basf S.A. - São Paulo/SP. | Marca comercial: Veldara. | Indicado para as culturas de Algodão, Amendoim, Aveia, Batata, Cana-de-açúcar, Cebola, Citros, Crisântemo, Feijão, Girassol [1/2]
Rainbow Defensivos Agrícolas Ltda. - Porto Alegre/RS. | Marca comercial: Diuron 500 SC Rainbow. | Indicado para as culturas de Abacaxi, Algodão, Cacau, Café, Canade-açúcar e Citros. | Classificação toxicológica: Classe III - Medianamente Tóxico.
Ferbru Participações S.A. - Campinas/SP. | Marca comercial: Cyproconazole Técnico FB. | Trata-se de produto técnico. | Classificação toxicológica: Classe III - Medianamente Tóxico.
Adama Brasil S. A. - Londrina/PR. | Marca comercial: Imazapique Técnico Mil. | Trata-se de produto técnico. | Classificação toxicológica: Classe II - Altamente Tóxico.
CCAB Agro S.A. - São Paulo/SP. | Marca comercial: Imazetapir Técnico CCAB. | Trata-se de produto técnico. | Classificação toxicológica: Classe II - Altamente Tóxico.
BRA Defensivos Agrícolas Ltda. - Piracicaba/SP. | Marca comercial: Lufenurom Técnico NS BRA. | Trata-se de produto técnico. | Classificação toxicológica: Classe III - Medianamente Tóxico.
Sulphur Mills do Brasil Importação e Exportação de Produtos Agrícolas Ltda. - São Paulo/SP. | Marca comercial: Imidacloprid Técnico Sulphur Mills. | Trata-se de produto técnico. | Classificação toxicológica: Classe II - Altamente Tóxico.
Proregistros Registros de Produtos Ltda. - Porto Alegre/RS. | Marca comercial: Tebuthiuron Técnico Lier. | Trata-se de produto técnico. | Classificação toxicológica: Classe II - Altamente Tóxico.
Iharabrás S.A. Industriais Químicas. - Sorocaba/SP. | Marca comercial: Novaluron Técnico Ihara. | Trata-se de produto técnico. | Classificação toxicológica: Classe IV - Pouco Tóxico.
Albaugh Agro Brasil Ltda. - São Paulo/SP. | Marca comercial: Imidacloprido Técnico Atanor III. | Trata-se de produto técnico. | Classificação toxicológica: Classe II - Altamente Tóxico.
Biorisk Assessoria e Comercio de Produtos Agrícolas Ltda. - São Paulo/SP. | Marca comercial: Fysium. | Indicado para a cultura da Maçã. | Classificação toxicológica: Classe I - Extremamente Tóxico.
Syngenta Proteção de Cultivos Ltda. - São Paulo/SP. | Marca comercial: Maxim Quattro. | Indicado para as culturas de Milho e Soja. | Classificação toxicológica: Classe III - Medianamente Tóxico.
Adama Brasil S.A. - Londrina/PR. | Marca comercial: Bucanero. | Indicado para as culturas de Algodão, Arroz, Batata, Café, Citros, Feijão, Milho, Soja, Tomate e Trigo. | Classificação toxicológica: Classe III - Medianamente Tóxico.
Isagro Brasil Comércio de Produtos Agroquímicos Ltda. - São Paulo/SP. | Marca comercial: Airone Scudo. | Indicado para a cultura da Soja. | Classificação toxicológica: Classe III - Mediante Tóxico.
Isagro Brasil Comércio de Produtos Agroquímicos Ltda. - São Paulo/SP. | Marca comercial: Airone Inox. | Indicado para a cultura da Soja. | Classificação toxicológica: Classe III - Mediante Tóxico.
Plurie Soluções Regulatórias Ltda. - São Paulo/SP. | Marca comercial: Invict. | Indicado para as culturas de Algodão, Café, Cana-de-açúcar, Cevada, Girassol, Milho, Soja e Trigo. | Classificação toxicológica: Classe III - Medianamente Tóxico.
Syngenta Proteção de Cultivos Ltda. - São Paulo/SP. | Marca comercial: Switch. | Indicado para as culturas de Alface, Algodão, Alho, Cebola, Citros, Feijão, Girassol, Morango, Pêssego, Rosa, Soja, Tomate e Uva. | Classificação toxicológica: Classe I - Extremamente Tóxico.
Arysta Lifescience do Brasil Indústria Química e Agropecuária S.A. - São Paulo/SP. | Marca comercial: Celebrate. | Indicado para as culturas de Algodão e Soja. | Classificação toxicológica: Classe I - Extremamente Tóxico.
Nufarm Indústria Química e Farmacêutica S.A. -Maracanaú/CE | Marca comercial: Natucontrol | Indicado para culturas com ocorrência dos alvos biológicos Rhizoctonia solani, Fusarium solani f. sp. Phaseoli e Sclerotinia sclerotiorum | Classificação: Classe III - Medianamente Tóxico
Biovalens Ltda. - Uberaba/MG. | Marca comercial: Bio-Hulk. | Indicado para qualquer cultura com ocorrência do alvo biológico Rhizoctonia solani. | Classificação toxicológica: Classe IV - Pouco Tóxico.
Nortox S.A. - Arapongas/PR. | Marca comercial: Piriproxifen Nortox. | Indicado para as culturas de Algodão, Berinjela, Café, Citros, Feijão, Gérbera, Maçã, Melancia, Melão, Pepino, Repolho, Rosa, Soja, Tomate e Uva. | Classificação toxicológica: Classe I - Extremamente Tóxico.
Biovalens Ltda. - Uberaba/MG. | Marca comercial: BT-Turbo Max. | Indicado para qualquer cultura com ocorrência do alvo biológico Chrysodeixis includens. | Classificação toxicológica: Classe IV - Pouco Tóxico.
Sumitomo Chemical do Brasil Representações Ltda. - São Paulo/SP. | Marca comercial: Epingle 100 EW. | Indicado para as culturas de Algodão, Citros, Melão, Soja e Tomate. | Classificação toxicológica: Classe III - Medianamente Tóxico.
Sumitomo Chemical do Brasil Representações Ltda. - São Paulo/SP. | Marca comercial: Fielder 100 EW. | Indicado para as culturas de Algodão, Citros, Melão, Soja e Tomate. | Classificação toxicológica: Classe III - Medianamente Tóxico.
Plurie Soluções Regulatórias Ltda. - São Paulo/SP. | Marca comercial: Sorba. | Indicado para as culturas de Algodão, Batata, Cana-de-açúcar, Citros, Côco, Maçã, Milho, Pepino, Pêssego, Repolho, Soja, Tomate e Trigo. | Classificação toxicológica: Classe IV - Pouco Tóxico.
Plurie Soluções Regulatórias Ltda. - São Paulo/SP. | Marca comercial: Fuoro. | Indicado para as culturas de Algodão, Batata, Cana-de-açúcar, Citros, Côco, Maçã, Milho, Pepino, Pêssego, Repolho, Soja, Tomate e Trigo. | Classificação toxicológica: Classe IV - Pouco Tóxico.
Lemma Consultoria e Apoio Administrativo, Agronegócios, Importação e Exportação Ltda. - Campinas/SP. | Marca comercial: Cyproconazole Técnico Sino-Agri. | Trata-se de produto técnico. | Classificação toxicológica: Classe III - Medianamente Tóxico.
Nortox S.A. - Arapongas/PR. | Marca comercial: Imazapic Técnico Nortox. | Trata-se de produto técnico. | Classificação toxicológica: Classe II - Altamente tóxico.
Cropchem Ltda. - Porto Alegre/RS. | Marca comercial: Imazapique Técnico Cropchem. | Trata-se de produto técnico. | Classificação toxicológica: Classe II - Altamente tóxico.
Adama Brasil S.A. - Londrina/PR. | Marca comercial: Imazapique Técnico Adama. | Trata-se de produto técnico. | Classificação toxicológica: Classe II - Altamente tóxico.
CCAB Agro S.A. - São Paulo/SP. | Marca comercial: Diquat CCAB 200 SL. | Classificação toxicológica: Classe I - Extremamente Tóxico. | Indicado para as culturas de Batata (dessecante), Café, Citros, Feijão, Feijão (dessecante), Soja e Soja (dessecante).
Ouro Fino Química Ltda. - Uberaba/MG. | Marca comercial: Tebutiurom Técnico OF. | Trata-se de produto técnico. | Classificação toxicológica: Classe II - Altamente tóxico.
Rainbow Defensivos Agrícolas Ltda. - Porto Alegre/RS. | Marca comercial: Tebuthiuron Técnico Rainbow. | Trata-se de produto técnico. | Classificação toxicológica: Classe II - Altamente Tóxico.
Alta - América Latina Tecnologia Agrícola Ltda. -Curitiba/PR. | Marca comercial: Tebutiurom Técnico Alta III. | Trata-se de produto técnico. | Classificação toxicológica: Classe II - Altamente Tóxico.
Lemma Consultoria e Apoio Administrativo, Agronegócios, Importação e Exportação Ltda. - Campinas/SP. | Marca comercial: Glyphosate Técnico Sino-Agri. | Trata-se de produto técnico. | Classificação toxicológica: Classe I - Extremamente Tóxico.
Rainbow Defensivos Agrícolas Ltda. - Porto Alegre/RS. | Marca comercial: Glufosinato de Amônio Técnico Rainbow. | Trata-se de produto técnico. | Classificação toxicológica: Classe III - Medianamente Tóxico.
Alta - América Latina Tecnologia Agrícola Ltda. -Curitiba/PR. | Marca comercial: Fomesafem Técnico Alta. | Trata-se de produto técnico. | Classificação toxicológica: Classe III - Medianamente Tóxico.
BRA Defensivos Agrícolas Ltda. - São Paulo/SP. | Trata-se de produto técnico. | Classificação toxicológica: Classe III - Medianamente Tóxico.
Tradecorp do Brasil Comércio de Insumos Agrícolas Ltda. - Campinas/SP. | Marca comercial: Clorpirifós Tradecorp Técnico II. | Trata-se de produto técnico. | Classificação toxicológica: Classe III - Medianamente Tóxico.
Adama Brasil S.A. - Londrina/PR. | Marca comercial: Glufosinato de Amônio Técnico Adama. | Trata-se de produto técnico. | Classificação toxicológica: Classe III - Medianamente Tóxico.
Sinon do Brasil Ltda. - Porto Alegre/RS. | Marca comercial: Glufosinato de Amônio Técnico Sinon. | Trata-se de produto técnico. | Classificação toxicológica: Classe III - Medianamente Tóxico.
AllierBrasil Agro Ltda. - São Paulo/SP. | Marca comercial: Diflubenzuron Técnico SH. | Trata-se de produto técnico. | Classificação toxicológica: Classe II - Altamente Tóxico.
TZ Biotech Ltda. - ME - Ribeirão Preto/SP. | Marca comercial: Purpureonyd FR 25. | Indicado para qualquer cultura com ocorrência do alvo biológico Meloidogyne incógnita. | Classificação toxicológica: Classe IV - Pouco Tóxico.
Sumitomo Chemical do Brasil Representações Ltda. - São Paulo/SP. | Marca comercial: Cordial 100 EW. | Indicado para as culturas de Algodão, Citros, Melão, Soja e Tomate. | Classificação toxicológica: Classe III - Medianamente Tóxico.
Sumitomo Chemical do Brasil Representações Ltda. - São Paulo/SP. | Marca comercial: Admiral 100 EW. | Indicado para as culturas de Algodão, Citros, Melão, Soja e Tomate. | Classificação toxicológica: Classe III - Medianamente Tóxico.
TZ Biotech Ltda. - ME - Ribeirão Preto/SP. | Marca comercial: Trychonyd FR 25. | Indicado para qualquer cultura com ocorrência do alvo biológico Sclerotínia sclerotiorum. | Classificação toxicológica: Classe IV - Pouco Tóxico.
Sipcam Nichino Brasil S.A. - Uberaba/MG. | Marca comercial: Difenoconazole Técnico SUP. | Trata-se de produto técnico. | Classificação toxicológica: Classe I - Extremamente Tóxico.
Nortox S.A. - Arapongas/PR. | Marca comercial: 2,4-D Técnico Nortox CH. | Trata-se de produto técnico. | Classificação toxicológica: Classe I - Extremamente Tóxico.
Alta - América Latina Tecnologia Agrícola Ltda. -Curitiba/PR. | Marca comercial: 2,4-D Técnico Alta II.
BRA Defensivos Agrícolas Co. Ltda. -Piracicaba/SP. | Marca comercial: Clorotalonil Técnico BRA. | Trata-se de produto técnico. | Classificação toxicológica: Classe I - Extremamente Tóxico.
CCAB Agro S.A. - São Paulo/SP. | Marca comercial: Difenoconazol Técnico CCAB. | Trata-se de produto técnico. | Classificação toxicológica: Classe I - Extremamente Tóxico.
Plurie Soluções Regulatórias Ltda. - São Paulo/SP. | Indicado para as culturas de Begônia, Gérbera, Kalanchoe e Rosa. | Classificação toxicológica: Classe III - Medianamente Tóxico.
Tradecorp do Brasil Comércio de Insumos Agrícolas Ltda. - Campinas/SP. | Marca comercial: Paclo BR. | Indicado para a cultura da Manga. | Classificação toxicológica: Classe IV - Pouco Tóxico.
Helm do Brasil Mercantil Ltda. São Paulo/SP. | Marca comercial: Sensei. | Indicado para as culturas de Algodão, Citros, Feijão, Soja e Tomate. | Classificação toxicológica: Classe III - Medianamente Tóxico.
FMC Química do Brasil Ltda. - Campinas/SP. | Marca comercial: Indoxacarbe 150 EC. | Indicado para as culturas de Algodão, Milho e Soja. | Classificação toxicológica: Classe III - Medianamente Tóxico.
Rotam do Brasil Agroquímica e Produtos Agrícolas Ltda. - Campinas/SP. | Marca comercial: Abamectin Técnico RDB. | Trata-se de produto técnico. | Classificação toxicológica: Classe I - Extremamente Tóxico.
Rainbow Defensivos Agrícolas Ltda. - Porto Alegre/RS. | Marca comercial: Soyaguard XTRA. | Indicado para as culturas de Feijão e Soja. | Classificação toxicológica: Classe I - Extremamente Tóxico.
Syngenta Proteção de Cultivos Ltda. - São Paulo/SP. | Marca comercial: Avicta 500 FS PRO. | Indicado para as culturas de Algodão, Cana-de-açúcar, Milho e Soja. | Classificação toxicológica: Classe I - Extremamente Tóxico.
Adama Brasil S.A. - Londrina/PR. | Marca comercial: Voraz EC. | Indicado para as culturas de Algodão, Batata, Café, Feijão, Milho, Soja e Trigo. | Classificação toxicológica: Classe I - Extremamente Tóxico.
Arysta Lifescience do Brasil Indústria Química e Agropecuária S.A. - São Paulo/SP. | Marca comercial: Agile. | Indicado para as culturas de Eucalipto e Pinus. | Classificação toxicológica: Classe I - Extremamente Tóxico.
Nufarm Indústria Química e Farmacêutica S.A. -Maracanaú/CE. | Marca comercial: Tamiz. | Indicado para as culturas de Algodão, Arroz irrigado, Café, Cana-de-açúcar, Feijão, Milho, Soja e Trigo. | Classificação toxicológica: Classe I - Extremamente Tóxico.
BRA Defensivos Agrícolas Ltda. - Piracicaba/SP. | Marca comercial: Zardo. | Indicado para as culturas de Arroz, Café, Cana-de-açúcar, Milho, Pastagem, Soja e Trigo. | Classificação toxicológica: Classe I - Extremamente Tóxico.
Agroimport do Brasil Ltda. Porto Alegre/RS | Marca comercial: Topatudo | Indicado para as culturas de Ameixa, Arroz, Banana, Café, Cana-de-açúcar, Citros, Eucalipto, Maçã, Milho, Nectarina, Pêra, Pêssego, Pastagem, Pinus, Soja, Trigo e Uva | Classe I - Extremamente Tóxico
Sumitomo Chemical do Brasil Representações Ltda. São Paulo/SP. | Marca comercial: Tiger 100 EW. | Indicado para as culturas de Algodão, Citros, Melão, Soja e Tomate. | Classificação toxicológica: Classe III - Medianamente Tóxico.
Syngenta Proteção de Cultivos Ltda. - São Paulo/SP. | Indicado para as culturas de Milho e Soja. | Classificação toxicológica: Classe I - Extremamente Tóxico.
Cropchem Ltda. - Porto Alegre/RS. | Marca comercial: Taura 200 EC. | Indicado para as culturas de Algodão, Berinjela, Café, Citros, Feijão, Gérbera, Maçã, Melancia, Melão, Pepino, Repolho, Rosa, Soja, Tomate e Uva. | Classificação toxicológica: Classe I - Extremamente Tóxico.
Cropchem Ltda. - Porto Alegre/RS. | Marca comercial: Kasan Max 750 WG. | Indicado para as culturas de Algodão, Arroz, Banana, Batata, Citros, Feijão, Maçã, Milho, Soja, Tomate e Uva. | Classificação toxicológica: Classe I - Extremamente Tóxico.
Monsanto do Brasil Ltda. - São Paulo/SP. | Marca comercial: Decisive. | Indicado para as culturas de Algodão, Arroz irrigado, Café, Cana-de-açúcar, Citros, Eucalipto, Milho, Soja, Soja geneticamente modificada e Trigo. | Classificação toxicológica: Classe II - Altamente Tóxico.
Monsanto do Brasil Ltda. - São Paulo/SP. | Marca comercial Roundup Original Mais | Indicado para as culturas de Algodão, Arroz irrigado, Café, Cana-de-açúcar, Citros, Eucalipto, Milho, Soja, Soja geneticamente modificada e Trigo | Classificação: Classe II - Altamente Tóxico
Nortox S.A. - Arapongas/PR. | Marca comercial: Metribuzim Técnico Nortox. | Trata-se de produto técnico. | Classificação toxicológica: Classe III - Medianamente Tóxico.
Helm do Brasil Mercantil Ltda. - São Paulo/SP. | Marca comercial: Diquat ZF Técnico Helm. | Trata-se de produto técnico. | Classificação toxicológica: Classe I - Extremamente Tóxico.
Yonon Biociências e Defensivos Agrícolas Ltda. - São Paulo/SP. | Marca comercial: Azoxystrobin Técnico YNG. | Trata-se de produto técnico. | Classificação toxicológica: Classe II - Altamente Tóxico.
Plurie Soluções Regulatórias Ltda. - São Paulo/SP. | Marca comercial: Inssimo. | Indicado para as culturas de Crisântemo e Eucalipto. | Classificação toxicológica: Classe III - Medianamente Tóxico.
Helm do Brasil Mercantil Ltda. - São Paulo/SP. | Marca comercial: Sulfentrazone OL Técnico Helm. | Trata-se de produto técnico. | Classificação toxicológica: Classe III - Medianamente Tóxico.
AllierBrasil Agro Ltda. - São Paulo/SP. | Marca comercial: Olasul Técnico. | Trata-se de produto técnico. | Classificação toxicológica: Classe III - Medianamente Tóxico.
Iharabras S.A. Indústrias Químicas. Sorocaba/SP. | Marca comercial: Sulfentrazona Técnico IS. | Trata-se de produto técnico. | Classificação toxicológica: Classe III - Medianamente Tóxico.
Sipcam Nichino Brasil S.A. - Uberaba/MG. | Marca comercial: Difenoconazole Técnico SNB. | Trata-se de produto técnico. | Classificação toxicológica: Classe I - Extremamente Tóxico.
Helm do Brasil Mercantil Ltda. - São Paulo/SP. | Marca comercial: Difenoconazole JS Técnico Helm. | Trata-se de produto técnico. | Classificação toxicológica: Classe I - Extremamente Tóxico.
AllierBrasil Agro Ltda. - São Paulo/SP. | Marca comercial: Delta Técnico. | Trata-se de produto técnico. | Classificação toxicológica: Classe II- Produto Altamente Tóxico.
Dow AgroSciences Industrial Ltda. - São Paulo/SP. | Marca comercial: Sulfoxaflor Técnico. | Trata-se de produto técnico. | Classificação toxicológica: Classe III - Medianamente Tóxico.
Rotam do Brasil Agroquímica e Produtos Agrícolas Ltda. - Campinas/SP. | Marca comercial: Sulfentrazone Técnico Rotam. | Trata-se de produto técnico. | Classificação toxicológica: Classe III - Medianamente Tóxico.
Nortox S.A. - Arapongas/PR. | Marca comercial: Sulfentrazone Técnico Nortox. | Trata-se de produto técnico. | Classificação toxicológica: Classe III - Medianamente Tóxico.
Sulphur Mills do Brasil Importação e Exportação de Produtos Agrícolas Ltda. - São Paulo/SP. | Marca comercial: Clorpirifós Técnico Sulphur Mills. | Trata-se de produto técnico. | Classificação toxicológica: Classe III - Medianamente Tóxico.
FMC Química do Brasil Ltda. - Campinas/SP. | Marca comercial: Clorpirifós Técnico Cheminova GH. | Trata-se de produto técnico. | Classificação toxicológica: Classe III - Medianamente Tóxico.
Tradecorp do Brasil Comércio de Insumos Agrícolas Ltda. - Campinas/SP. | Marca comercial: Sulfentrazona Tradecorp Técnico. | Trata-se de produto técnico. | Classificação toxicológica: Classe III - Medianamente Tóxico.
Volcano Agrociência Indústria e Comércio de Defensivos Agrícolas Ltda. - São Paulo/SP. | Marca comercial: Metomil Técnico Volcano. | Trata-se de produto técnico. | Classificação toxicológica: Classe I - Extremamente Tóxico.
Ouro Fino Química Ltda. - Uberaba/MG. | Marca comercial: Clomazone 500 EC OF. | Indicado para as culturas de Cana-de-açúcar e Soja. | Classificação toxicológica: Classe III - Medianamente Tóxico.
Cosmopolites sordidus, Tetranychus urticae e Dalbulus maidis. | Classificação toxicológica: Classe IV - Pouco Tóxico. [2/2]
Excellence Indústria e Comercio de Produtos Biológicos Ltda. - Aparecida de Goiânia/GO. | Marca comercial: Excellence Mig-66. | Indicado para qualquer cultura com ocorrência dos alvos biológicos Bemisia tabaci raça B [1/2]
Plurie Soluções Regulatórias Ltda. - São Paulo/SP. | Marca comercial: Damast. | Indicado para culturas de Algodão, Amendoim, Arroz irrigado, Aveia, Café, Cevada, Citros, Eucalipto, Girassol, Milho, Soja e Trigo. | Classificação toxicológica: Classe III - Medianamente Tóxico.
Tecnomyl Brasil Distribuidora de Produtos Agrícolas Ltda. - Foz do Iguaçu/PR. | Marca comercial: Fipronil 250 FS Genbra. | Indicado para culturas de Algodão, Arroz, Cevada, Feijão, Milho, Pastagens, Soja e Trigo. | Classificação toxicológica: Classe III - Medianamente Tóxico.
UPL do Brasil Indústria e Comércio de Insumos Agropecuários S.A. - Ituverava/SP. | Marca comercial: Paclobutrazol 250 SC UPL. | Indicado para a cultura da Manga. | Classificação toxicológica: Classe IV - Pouco Tóxico.
Proventis Lifescience Defensivos Agrícolas Ltda. -São Paulo/SP. | Marca comercial: Diafentiuron 500 SC Proventis. | Indicado para as culturas de Algodão, Café, Feijão, Soja e Tomate. | Classificação toxicológica: Classe III - Medianamente Tóxico.
Nortox S.A. - Arapongas/PR. | Marca comercial: Flutriafol Nortox. | Algodão, Aveia, Banana, Batata, Café, Feijão, Mamão, Melão, Soja e Tomate. | Classificação toxicológica: Classe III - Medianamente Tóxico.
Ouro Fino Química Ltda. - Uberaba/MG. | Marca comercial: Mojjave. | Indicado para culturas de Algodão, Arroz, Café, Cana de-açúcar, Citros, Eucalipto, Feijão, Maçã, Milho, Pastagens, Pinus, Soja, Soja geneticamente modificada, Trigo e Uva. | Classificação toxicológica: Classe III
Tradecorp do Brasil Comércio de Insumos Agrícolas Ltda. - Campinas/SP. | Marca comercial: Torero. | Indicado para as culturas de Batata, Cebola, Tomate e Uva. | Classificação toxicológica: Classe III - Medianamente Tóxico.
Biovalens Ltda. - Uberaba/MG. | Marca comercial: Bio-Imune. | Em qualquer cultura com ocorrência do alvo biológico Alternaria solani. | Classificação toxicológica: Classe IV - Pouco Tóxico.
Proventis Lifescience Defensivos Agrícolas Ltda. -São Paulo/SP. | Marca comercial: Imazetapir Técnico Proventis. | Trata-se de produto técnico. | Classificação toxicológica: Classe II - Altamente Tóxico.
Helm do Brasil Mercantil Ltda. - São Paulo/SP. | Marca comercial: Imazetapir N Técnico Helm. | Trata-se de produto técnico. | Classificação toxicológica: Classe II - Altamente Tóxico.
Adama Brasil S.A. - Londrina/PR. | Marca comercial: Imazetapir Técnico Mil. | Trata-se de produto técnico. | Classificação toxicológica: Classe II - Altamente Tóxico.
Tradecorp do Brasil Comércio de Insumos Agrícolas Ltda. - Campinas/SP. | Marca comercial: Imazetapir Sapec Técnico. | Trata-se de produto técnico. | Classificação toxicológica: Classe II - Altamente Tóxico.
Helm do Brasil Mercantil Ltda. - São Paulo/SP. | Marca comercial: Nicosulfuron Técnico R Helm. | Trata-se de produto técnico. | Classificação toxicológica: Classe III - Medianamente Tóxico.
Stockton-Agrimor do Brasil Ltda. - São Paulo/SP. | Trata-se de produto técnico. | Classificação toxicológica: Classe III - Medianamente Tóxico.
Tradecorp do Brasil Comércio de Insumos Agrícolas Ltda. - Campinas/SP. | Marca comercial: Nicosulfuron Sapec Técnico II. | Trata-se de produto técnico. | Classificação toxicológica: Classe III - Medianamente Tóxico.
CCAB Agro S.A. - São Paulo/SP. | Marca comercial: Cloreto de Mepiquate Técnico CCAB. | Trata-se de produto técnico. | Classificação toxicológica: Classe III - Medianamente Tóxico.
Cropchem Ltda. - Porto Alegre/RS. | Marca comercial: Azoxistrobina Técnico FT-Cropchem. | Trata-se de produto técnico. | Classificação toxicológica: Classe III - Medianamente Tóxico.
Sulphur Mills do Brasil Importação e Exportação de Produtos Agrícolas Ltda. - São Paulo/SP. | Marca comercial: Acetamiprido Técnico Sulphur Mills. | Trata-se de produto técnico. | Classificação toxicológica: Classe III - Medianamente Tóxico.
